<?xml version="1.0" encoding="utf-8" standalone="yes"?>
<rss version="2.0" xmlns:atom="http://www.w3.org/2005/Atom">
  <channel>
    <title>Tags on Keio QLEAP</title>
    <link>https://examplesite.com/jp/tags/</link>
    <description>Recent content in Tags on Keio QLEAP</description>
    <generator>Hugo -- gohugo.io</generator>
    <language>Jp-Jp</language>
    <copyright>Copyright &amp;copy; 量子技術高等教育拠点 慶應義塾大学</copyright><atom:link href="https://examplesite.com/jp/tags/index.xml" rel="self" type="application/rss+xml" />
  </channel>
</rss>
