<?xml version="1.0" encoding="utf-8" standalone="yes"?>
<rss version="2.0" xmlns:atom="http://www.w3.org/2005/Atom">
  <channel>
    <title>Keio QLEAP</title>
    <link>https://examplesite.com/</link>
    <description>Recent content on Keio QLEAP</description>
    <generator>Hugo -- gohugo.io</generator>
    <language>en-us</language>
    <copyright>Copyright &amp;copy; QLEAP Education Project Keio University</copyright><atom:link href="https://examplesite.com/index.xml" rel="self" type="application/rss+xml" />
  </channel>
</rss>
